shift_id,day,start,end,role,required_staff
S_2025-10-06_nurse_0800_1600,2025-10-06,08:00,16:00,nurse,3
S_2025-10-06_nurse_1000_1400,2025-10-06,10:00,14:00,nurse,2
S_2025-10-06_nurse_1600_2200,2025-10-06,16:00,22:00,nurse,2
S_2025-10-06_nurse_2200_2330,2025-10-06,22:00,23:30,nurse,2
S_2025-10-07_nurse_0000_0600,2025-10-07,00:00,06:00,nurse,2
S_2025-10-06_icu_nurse_0800_1600,2025-10-06,08:00,16:00,icu_nurse,2
S_2025-10-06_icu_nurse_1600_2200,2025-10-06,16:00,22:00,icu_nurse,1
S_2025-10-06_icu_nurse_2200_2330,2025-10-06,22:00,23:30,icu_nurse,1
S_2025-10-07_icu_nurse_0000_0600,2025-10-07,00:00,06:00,icu_nurse,1
S_2025-10-06_doctor_0800_1800,2025-10-06,08:00,18:00,doctor,2
S_2025-10-06_doctor_1000_1400,2025-10-06,10:00,14:00,doctor,1
S_2025-10-06_doctor_1400_2200,2025-10-06,14:00,22:00,doctor,1
S_2025-10-06_doctor_2200_2330,2025-10-06,22:00,23:30,doctor,1
S_2025-10-07_doctor_0000_0600,2025-10-07,00:00,06:00,doctor,1
S_2025-10-06_triage_1000_1800,2025-10-06,10:00,18:00,triage,2
S_2025-10-06_receptionist_0800_1600,2025-10-06,08:00,16:00,receptionist,1
S_2025-10-06_labtech_0700_1500,2025-10-06,07:00,15:00,labtech,1
S_2025-10-06_radiology_0900_1700,2025-10-06,09:00,17:00,radiology,1
S_2025-10-07_nurse_0800_1600,2025-10-07,08:00,16:00,nurse,3
S_2025-10-07_nurse_1000_1400,2025-10-07,10:00,14:00,nurse,2
S_2025-10-07_nurse_1600_2200,2025-10-07,16:00,22:00,nurse,2
S_2025-10-07_nurse_2200_2330,2025-10-07,22:00,23:30,nurse,2
S_2025-10-08_nurse_0000_0600,2025-10-08,00:00,06:00,nurse,2
S_2025-10-07_icu_nurse_0800_1600,2025-10-07,08:00,16:00,icu_nurse,2
S_2025-10-07_icu_nurse_1600_2200,2025-10-07,16:00,22:00,icu_nurse,1
S_2025-10-07_icu_nurse_2200_2330,2025-10-07,22:00,23:30,icu_nurse,1
S_2025-10-08_icu_nurse_0000_0600,2025-10-08,00:00,06:00,icu_nurse,1
S_2025-10-07_doctor_0830_1830,2025-10-07,08:30,18:30,doctor,2
S_2025-10-07_doctor_1030_1430,2025-10-07,10:30,14:30,doctor,1
S_2025-10-07_doctor_1400_2200,2025-10-07,14:00,22:00,doctor,1
S_2025-10-07_doctor_2200_2330,2025-10-07,22:00,23:30,doctor,1
S_2025-10-08_doctor_0000_0600,2025-10-08,00:00,06:00,doctor,1
S_2025-10-07_triage_1000_1800,2025-10-07,10:00,18:00,triage,2
S_2025-10-07_receptionist_0800_1600,2025-10-07,08:00,16:00,receptionist,1
S_2025-10-07_labtech_0700_1500,2025-10-07,07:00,15:00,labtech,1
S_2025-10-07_radiology_0900_1700,2025-10-07,09:00,17:00,radiology,1
S_2025-10-08_nurse_0800_1600,2025-10-08,08:00,16:00,nurse,3
S_2025-10-08_nurse_1000_1400,2025-10-08,10:00,14:00,nurse,2
S_2025-10-08_nurse_1600_2200,2025-10-08,16:00,22:00,nurse,2
S_2025-10-08_nurse_2200_2330,2025-10-08,22:00,23:30,nurse,2
S_2025-10-09_nurse_0000_0600,2025-10-09,00:00,06:00,nurse,2
S_2025-10-08_icu_nurse_0800_1600,2025-10-08,08:00,16:00,icu_nurse,2
S_2025-10-08_icu_nurse_1600_2200,2025-10-08,16:00,22:00,icu_nurse,1
S_2025-10-08_icu_nurse_2200_2330,2025-10-08,22:00,23:30,icu_nurse,1
S_2025-10-09_icu_nurse_0000_0600,2025-10-09,00:00,06:00,icu_nurse,1
S_2025-10-08_doctor_0900_1700,2025-10-08,09:00,17:00,doctor,2
S_2025-10-08_doctor_1400_2200,2025-10-08,14:00,22:00,doctor,1
S_2025-10-08_doctor_2200_2330,2025-10-08,22:00,23:30,doctor,1
S_2025-10-09_doctor_0000_0600,2025-10-09,00:00,06:00,doctor,1
S_2025-10-08_triage_1000_1800,2025-10-08,10:00,18:00,triage,2
S_2025-10-08_receptionist_0800_1600,2025-10-08,08:00,16:00,receptionist,1
S_2025-10-08_labtech_0700_1500,2025-10-08,07:00,15:00,labtech,1
S_2025-10-08_radiology_0900_1700,2025-10-08,09:00,17:00,radiology,1
S_2025-10-09_nurse_0800_1600,2025-10-09,08:00,16:00,nurse,3
S_2025-10-09_nurse_1000_1400,2025-10-09,10:00,14:00,nurse,2
S_2025-10-09_nurse_1600_2200,2025-10-09,16:00,22:00,nurse,2
S_2025-10-09_nurse_2200_2330,2025-10-09,22:00,23:30,nurse,2
S_2025-10-10_nurse_0000_0600,2025-10-10,00:00,06:00,nurse,2
S_2025-10-09_icu_nurse_0800_1600,2025-10-09,08:00,16:00,icu_nurse,2
S_2025-10-09_icu_nurse_1600_2200,2025-10-09,16:00,22:00,icu_nurse,1
S_2025-10-09_icu_nurse_2200_2330,2025-10-09,22:00,23:30,icu_nurse,1
S_2025-10-10_icu_nurse_0000_0600,2025-10-10,00:00,06:00,icu_nurse,1
S_2025-10-09_doctor_0800_1800,2025-10-09,08:00,18:00,doctor,2
S_2025-10-09_doctor_1000_1400,2025-10-09,10:00,14:00,doctor,1
S_2025-10-09_doctor_1400_2200,2025-10-09,14:00,22:00,doctor,1
S_2025-10-09_doctor_2200_2330,2025-10-09,22:00,23:30,doctor,1
S_2025-10-10_doctor_0000_0600,2025-10-10,00:00,06:00,doctor,1
S_2025-10-09_triage_1000_1800,2025-10-09,10:00,18:00,triage,2
S_2025-10-09_receptionist_0800_1600,2025-10-09,08:00,16:00,receptionist,1
S_2025-10-09_labtech_0700_1500,2025-10-09,07:00,15:00,labtech,1
S_2025-10-09_radiology_0900_1700,2025-10-09,09:00,17:00,radiology,1
S_2025-10-10_nurse_0800_1600,2025-10-10,08:00,16:00,nurse,3
S_2025-10-10_nurse_1000_1400,2025-10-10,10:00,14:00,nurse,2
S_2025-10-10_nurse_1600_2200,2025-10-10,16:00,22:00,nurse,2
S_2025-10-10_nurse_2200_2330,2025-10-10,22:00,23:30,nurse,2
S_2025-10-11_nurse_0000_0600,2025-10-11,00:00,06:00,nurse,2
S_2025-10-10_icu_nurse_0800_1600,2025-10-10,08:00,16:00,icu_nurse,2
S_2025-10-10_icu_nurse_1600_2200,2025-10-10,16:00,22:00,icu_nurse,1
S_2025-10-10_icu_nurse_2200_2330,2025-10-10,22:00,23:30,icu_nurse,1
S_2025-10-11_icu_nurse_0000_0600,2025-10-11,00:00,06:00,icu_nurse,1
S_2025-10-10_doctor_0830_1830,2025-10-10,08:30,18:30,doctor,2
S_2025-10-10_doctor_1030_1430,2025-10-10,10:30,14:30,doctor,1
S_2025-10-10_doctor_1400_2200,2025-10-10,14:00,22:00,doctor,1
S_2025-10-10_doctor_2200_2330,2025-10-10,22:00,23:30,doctor,1
S_2025-10-11_doctor_0000_0600,2025-10-11,00:00,06:00,doctor,1
S_2025-10-10_triage_1000_1800,2025-10-10,10:00,18:00,triage,2
S_2025-10-10_receptionist_0800_1600,2025-10-10,08:00,16:00,receptionist,1
S_2025-10-10_labtech_0700_1500,2025-10-10,07:00,15:00,labtech,1
S_2025-10-10_radiology_0900_1700,2025-10-10,09:00,17:00,radiology,1
S_2025-10-11_nurse_0800_1600,2025-10-11,08:00,16:00,nurse,2
S_2025-10-11_nurse_1000_1400,2025-10-11,10:00,14:00,nurse,1
S_2025-10-11_nurse_1600_2200,2025-10-11,16:00,22:00,nurse,2
S_2025-10-11_nurse_2200_2330,2025-10-11,22:00,23:30,nurse,1
S_2025-10-12_nurse_0000_0600,2025-10-12,00:00,06:00,nurse,1
S_2025-10-11_icu_nurse_0800_1600,2025-10-11,08:00,16:00,icu_nurse,2
S_2025-10-11_icu_nurse_1600_2200,2025-10-11,16:00,22:00,icu_nurse,1
S_2025-10-11_icu_nurse_2200_2330,2025-10-11,22:00,23:30,icu_nurse,1
S_2025-10-12_icu_nurse_0000_0600,2025-10-12,00:00,06:00,icu_nurse,1
S_2025-10-11_doctor_0900_1700,2025-10-11,09:00,17:00,doctor,2
S_2025-10-11_doctor_1400_2200,2025-10-11,14:00,22:00,doctor,1
S_2025-10-11_doctor_2200_2330,2025-10-11,22:00,23:30,doctor,1
S_2025-10-12_doctor_0000_0600,2025-10-12,00:00,06:00,doctor,1
S_2025-10-11_triage_1000_1800,2025-10-11,10:00,18:00,triage,2
S_2025-10-11_receptionist_0800_1600,2025-10-11,08:00,16:00,receptionist,1
S_2025-10-11_labtech_0700_1500,2025-10-11,07:00,15:00,labtech,1
S_2025-10-11_radiology_0900_1700,2025-10-11,09:00,17:00,radiology,1
S_2025-10-12_nurse_0800_1600,2025-10-12,08:00,16:00,nurse,2
S_2025-10-12_nurse_1000_1400,2025-10-12,10:00,14:00,nurse,1
S_2025-10-12_nurse_1600_2200,2025-10-12,16:00,22:00,nurse,2
S_2025-10-12_nurse_2200_2330,2025-10-12,22:00,23:30,nurse,1
S_2025-10-13_nurse_0000_0600,2025-10-13,00:00,06:00,nurse,1
S_2025-10-12_icu_nurse_0800_1600,2025-10-12,08:00,16:00,icu_nurse,2
S_2025-10-12_icu_nurse_1600_2200,2025-10-12,16:00,22:00,icu_nurse,1
S_2025-10-12_icu_nurse_2200_2330,2025-10-12,22:00,23:30,icu_nurse,1
S_2025-10-13_icu_nurse_0000_0600,2025-10-13,00:00,06:00,icu_nurse,1
S_2025-10-12_doctor_0800_1800,2025-10-12,08:00,18:00,doctor,2
S_2025-10-12_doctor_1000_1400,2025-10-12,10:00,14:00,doctor,1
S_2025-10-12_doctor_1400_2200,2025-10-12,14:00,22:00,doctor,1
S_2025-10-12_doctor_2200_2330,2025-10-12,22:00,23:30,doctor,1
S_2025-10-13_doctor_0000_0600,2025-10-13,00:00,06:00,doctor,1
S_2025-10-12_triage_1000_1800,2025-10-12,10:00,18:00,triage,2
S_2025-10-12_receptionist_0800_1600,2025-10-12,08:00,16:00,receptionist,1
S_2025-10-12_radiology_0900_1700,2025-10-12,09:00,17:00,radiology,1
FIX2_2025-10-06_nurse_1400_1600,2025-10-06,14:00,16:00,nurse,1
FIX2_2025-10-06_nurse_1600_1800,2025-10-06,16:00,18:00,nurse,1
FIX2_2025-10-06_nurse_1800_2000,2025-10-06,18:00,20:00,nurse,1
FIX2_2025-10-06_doctor_1800_2000,2025-10-06,18:00,20:00,doctor,1
FIX2_2025-10-07_nurse_1400_1600,2025-10-07,14:00,16:00,nurse,1
FIX2_2025-10-07_nurse_1600_1800,2025-10-07,16:00,18:00,nurse,1
FIX2_2025-10-07_nurse_1800_2000,2025-10-07,18:00,20:00,nurse,1
FIX2_2025-10-07_doctor_1800_2000,2025-10-07,18:00,20:00,doctor,1
FIX2_2025-10-08_nurse_1400_1600,2025-10-08,14:00,16:00,nurse,1
FIX2_2025-10-08_nurse_1600_1800,2025-10-08,16:00,18:00,nurse,1
FIX2_2025-10-08_nurse_1800_2000,2025-10-08,18:00,20:00,nurse,1
FIX2_2025-10-08_doctor_1300_1500,2025-10-08,13:00,15:00,doctor,1
FIX2_2025-10-08_doctor_1700_1800,2025-10-08,17:00,18:00,doctor,1
FIX2_2025-10-08_doctor_1800_2000,2025-10-08,18:00,20:00,doctor,1
FIX2_2025-10-09_nurse_1400_1600,2025-10-09,14:00,16:00,nurse,1
FIX2_2025-10-09_nurse_1600_1800,2025-10-09,16:00,18:00,nurse,1
FIX2_2025-10-09_nurse_1800_2000,2025-10-09,18:00,20:00,nurse,1
FIX2_2025-10-09_doctor_1800_2000,2025-10-09,18:00,20:00,doctor,1
FIX2_2025-10-10_nurse_1400_1600,2025-10-10,14:00,16:00,nurse,1
FIX2_2025-10-10_nurse_1600_1800,2025-10-10,16:00,18:00,nurse,1
FIX2_2025-10-10_nurse_1800_2000,2025-10-10,18:00,20:00,nurse,1
FIX2_2025-10-10_doctor_1800_2000,2025-10-10,18:00,20:00,doctor,1
FIX2_2025-10-11_nurse_1000_1200,2025-10-11,10:00,12:00,nurse,1
FIX2_2025-10-11_nurse_1400_1600,2025-10-11,14:00,16:00,nurse,1
FIX2_2025-10-11_doctor_1300_1500,2025-10-11,13:00,15:00,doctor,1
FIX2_2025-10-11_doctor_1700_1800,2025-10-11,17:00,18:00,doctor,1
FIX2_2025-10-11_doctor_1800_2000,2025-10-11,18:00,20:00,doctor,1
FIX2_2025-10-12_nurse_1000_1200,2025-10-12,10:00,12:00,nurse,1
FIX2_2025-10-12_nurse_1400_1600,2025-10-12,14:00,16:00,nurse,1
FIX2_2025-10-12_doctor_1800_2000,2025-10-12,18:00,20:00,doctor,1
